{
  "info": {
    "name": "Justice Minds API",
    "description": "API collection for testing Justice Minds Forensic Transcription service",
    "schema": "https://schema.getpostman.com/json/collection/v2.1.0/collection.json"
  },
  "item": [
    {
      "name": "Authentication",
      "description": "Authentication endpoints",
      "item": [
        {
          "name": "Register",
          "request": {
            "method": "POST",
            "header": [
              {
                "key": "Content-Type",
                "value": "application/json"
              }
            ],
            "body": {
              "mode": "raw",
              "raw": "{\n  \"name\": \"Test User\",\n  \"email\": \"test@example.com\",\n  \"password\": \"Password123!\"\n}"
            },
            "url": {
              "raw": "{{baseUrl}}/api/auth/register",
              "host": ["{{baseUrl}}"],
              "path": ["api", "auth", "register"]
            },
            "description": "Register a new user"
          },
          "response": []
        },
        {
          "name": "Login",
          "request": {
            "method": "POST",
            "header": [
              {
                "key": "Content-Type",
                "value": "application/json"
              }
            ],
            "body": {
              "mode": "raw",
              "raw": "{\n  \"email\": \"test@example.com\",\n  \"password\": \"Password123!\"\n}"
            },
            "url": {
              "raw": "{{baseUrl}}/api/auth/login",
              "host": ["{{baseUrl}}"],
              "path": ["api", "auth", "login"]
            },
            "description": "Login and get JWT token"
          },
          "response": []
        },
        {
          "name": "Get Current User",
          "request": {
            "method": "GET",
            "header": [
              {
                "key": "Authorization",
                "value": "Bearer {{token}}"
              }
            ],
            "url": {
              "raw": "{{baseUrl}}/api/auth/me",
              "host": ["{{baseUrl}}"],
              "path": ["api", "auth", "me"]
            },
            "description": "Get current user information"
          },
          "response": []
        },
        {
          "name": "Refresh Token",
          "request": {
            "method": "POST",
            "header": [
              {
                "key": "Content-Type",
                "value": "application/json"
              }
            ],
            "body": {
              "mode": "raw",
              "raw": "{\n  \"refreshToken\": \"{{refreshToken}}\"\n}"
            },
            "url": {
              "raw": "{{baseUrl}}/api/auth/refresh",
              "host": ["{{baseUrl}}"],
              "path": ["api", "auth", "refresh"]
            },
            "description": "Refresh JWT token"
          },
          "response": []
        },
        {
          "name": "Logout",
          "request": {
            "method": "POST",
            "header": [
              {
                "key": "Authorization",
                "value": "Bearer {{token}}"
              }
            ],
            "url": {
              "raw": "{{baseUrl}}/api/auth/logout",
              "host": ["{{baseUrl}}"],
              "path": ["api", "auth", "logout"]
            },
            "description": "Logout and invalidate token"
          },
          "response": []
        }
      ]
    },
    {
      "name": "Recordings",
      "description": "Recording management endpoints",
      "item": [
        {
          "name": "Get All Recordings",
          "request": {
            "method": "GET",
            "header": [
              {
                "key": "Authorization",
                "value": "Bearer {{token}}"
              }
            ],
            "url": {
              "raw": "{{baseUrl}}/api/recordings",
              "host": ["{{baseUrl}}"],
              "path": ["api", "recordings"]
            },
            "description": "Get all recordings for the current user"
          },
          "response": []
        },
        {
          "name": "Upload Recording",
          "request": {
            "method": "POST",
            "header": [
              {
                "key": "Authorization",
                "value": "Bearer {{token}}"
              }
            ],
            "body": {
              "mode": "formdata",
              "formdata": [
                {
                  "key": "file",
                  "type": "file",
                  "src": ""
                },
                {
                  "key": "title",
                  "value": "Test Recording",
                  "type": "text"
                },
                {
                  "key": "description",
                  "value": "This is a test recording",
                  "type": "text"
                }
              ]
            },
            "url": {
              "raw": "{{baseUrl}}/api/recordings",
              "host": ["{{baseUrl}}"],
              "path": ["api", "recordings"]
            },
            "description": "Upload a new recording"
          },
          "response": []
        },
        {
          "name": "Get Recording by ID",
          "request": {
            "method": "GET",
            "header": [
              {
                "key": "Authorization",
                "value": "Bearer {{token}}"
              }
            ],
            "url": {
              "raw": "{{baseUrl}}/api/recordings/{{recordingId}}",
              "host": ["{{baseUrl}}"],
              "path": ["api", "recordings", "{{recordingId}}"]
            },
            "description": "Get a recording by ID"
          },
          "response": []
        },
        {
          "name": "Update Recording",
          "request": {
            "method": "PUT",
            "header": [
              {
                "key": "Authorization",
                "value": "Bearer {{token}}"
              },
              {
                "key": "Content-Type",
                "value": "application/json"
              }
            ],
            "body": {
              "mode": "raw",
              "raw": "{\n  \"title\": \"Updated Recording Title\",\n  \"description\": \"Updated recording description\"\n}"
            },
            "url": {
              "raw": "{{baseUrl}}/api/recordings/{{recordingId}}",
              "host": ["{{baseUrl}}"],
              "path": ["api", "recordings", "{{recordingId}}"]
            },
            "description": "Update a recording"
          },
          "response": []
        },
        {
          "name": "Delete Recording",
          "request": {
            "method": "DELETE",
            "header": [
              {
                "key": "Authorization",
                "value": "Bearer {{token}}"
              }
            ],
            "url": {
              "raw": "{{baseUrl}}/api/recordings/{{recordingId}}",
              "host": ["{{baseUrl}}"],
              "path": ["api", "recordings", "{{recordingId}}"]
            },
            "description": "Delete a recording"
          },
          "response": []
        },
        {
          "name": "Transcribe Recording",
          "request": {
            "method": "POST",
            "header": [
              {
                "key": "Authorization",
                "value": "Bearer {{token}}"
              },
              {
                "key": "Content-Type",
                "value": "application/json"
              }
            ],
            "body": {
              "mode": "raw",
              "raw": "{\n  \"language\": \"en\",\n  \"model\": \"whisper-1\"\n}"
            },
            "url": {
              "raw": "{{baseUrl}}/api/recordings/{{recordingId}}/transcribe",
              "host": ["{{baseUrl}}"],
              "path": ["api", "recordings", "{{recordingId}}", "transcribe"]
            },
            "description": "Transcribe a recording"
          },
          "response": []
        },
        {
          "name": "Get Transcription Status",
          "request": {
            "method": "GET",
            "header": [
              {
                "key": "Authorization",
                "value": "Bearer {{token}}"
              }
            ],
            "url": {
              "raw": "{{baseUrl}}/api/recordings/{{recordingId}}/status",
              "host": ["{{baseUrl}}"],
              "path": ["api", "recordings", "{{recordingId}}", "status"]
            },
            "description": "Get transcription status"
          },
          "response": []
        },
        {
          "name": "Get Recording URL",
          "request": {
            "method": "GET",
            "header": [
              {
                "key": "Authorization",
                "value": "Bearer {{token}}"
              }
            ],
            "url": {
              "raw": "{{baseUrl}}/api/recordings/{{recordingId}}/url",
              "host": ["{{baseUrl}}"],
              "path": ["api", "recordings", "{{recordingId}}", "url"]
            },
            "description": "Get a presigned URL for a recording file"
          },
          "response": []
        }
      ]
    },
    {
      "name": "Transcripts",
      "description": "Transcript management endpoints",
      "item": [
        {
          "name": "Get All Transcripts",
          "request": {
            "method": "GET",
            "header": [
              {
                "key": "Authorization",
                "value": "Bearer {{token}}"
              }
            ],
            "url": {
              "raw": "{{baseUrl}}/api/transcripts",
              "host": ["{{baseUrl}}"],
              "path": ["api", "transcripts"]
            },
            "description": "Get all transcripts for the current user"
          },
          "response": []
        },
        {
          "name": "Get Transcript by ID",
          "request": {
            "method": "GET",
            "header": [
              {
                "key": "Authorization",
                "value": "Bearer {{token}}"
              }
            ],
            "url": {
              "raw": "{{baseUrl}}/api/transcripts/{{transcriptId}}",
              "host": ["{{baseUrl}}"],
              "path": ["api", "transcripts", "{{transcriptId}}"]
            },
            "description": "Get a transcript by ID"
          },
          "response": []
        },
        {
          "name": "Get Transcript Insights",
          "request": {
            "method": "GET",
            "header": [
              {
                "key": "Authorization",
                "value": "Bearer {{token}}"
              }
            ],
            "url": {
              "raw": "{{baseUrl}}/api/transcripts/{{transcriptId}}/insights",
              "host": ["{{baseUrl}}"],
              "path": ["api", "transcripts", "{{transcriptId}}", "insights"]
            },
            "description": "Get insights for a transcript"
          },
          "response": []
        },
        {
          "name": "Get Transcript Action Items",
          "request": {
            "method": "GET",
            "header": [
              {
                "key": "Authorization",
                "value": "Bearer {{token}}"
              }
            ],
            "url": {
              "raw": "{{baseUrl}}/api/transcripts/{{transcriptId}}/action-items",
              "host": ["{{baseUrl}}"],
              "path": ["api", "transcripts", "{{transcriptId}}", "action-items"]
            },
            "description": "Get action items for a transcript"
          },
          "response": []
        },
        {
          "name": "Get Transcript Summary",
          "request": {
            "method": "GET",
            "header": [
              {
                "key": "Authorization",
                "value": "Bearer {{token}}"
              }
            ],
            "url": {
              "raw": "{{baseUrl}}/api/transcripts/{{transcriptId}}/summary",
              "host": ["{{baseUrl}}"],
              "path": ["api", "transcripts", "{{transcriptId}}", "summary"]
            },
            "description": "Get summary for a transcript"
          },
          "response": []
        },
        {
          "name": "Share Transcript",
          "request": {
            "method": "POST",
            "header": [
              {
                "key": "Authorization",
                "value": "Bearer {{token}}"
              },
              {
                "key": "Content-Type",
                "value": "application/json"
              }
            ],
            "body": {
              "mode": "raw",
              "raw": "{\n  \"emails\": [\"user@example.com\"]\n}"
            },
            "url": {
              "raw": "{{baseUrl}}/api/transcripts/{{transcriptId}}/share",
              "host": ["{{baseUrl}}"],
              "path": ["api", "transcripts", "{{transcriptId}}", "share"]
            },
            "description": "Share a transcript with other users"
          },
          "response": []
        },
        {
          "name": "Search Transcripts",
          "request": {
            "method": "GET",
            "header": [
              {
                "key": "Authorization",
                "value": "Bearer {{token}}"
              }
            ],
            "url": {
              "raw": "{{baseUrl}}/api/transcripts/search?q=meeting",
              "host": ["{{baseUrl}}"],
              "path": ["api", "transcripts", "search"],
              "query": [
                {
                  "key": "q",
                  "value": "meeting"
                }
              ]
            },
            "description": "Search transcripts"
          },
          "response": []
        }
      ]
    },
    {
      "name": "Health Check",
      "request": {
        "method": "GET",
        "header": [],
        "url": {
          "raw": "{{baseUrl}}/health",
          "host": ["{{baseUrl}}"],
          "path": ["health"]
        },
        "description": "Check API health"
      },
      "response": []
    }
  ],
  "event": [
    {
      "listen": "prerequest",
      "script": {
        "type": "text/javascript",
        "exec": [
          ""
        ]
      }
    },
    {
      "listen": "test",
      "script": {
        "type": "text/javascript",
        "exec": [
          ""
        ]
      }
    }
  ],
  "variable": [
    {
      "key": "baseUrl",
      "value": "http://localhost:3000",
      "type": "string"
    },
    {
      "key": "token",
      "value": "",
      "type": "string"
    },
    {
      "key": "refreshToken",
      "value": "",
      "type": "string"
    },
    {
      "key": "recordingId",
      "value": "",
      "type": "string"
    },
    {
      "key": "transcriptId",
      "value": "",
      "type": "string"
    }
  ]
}
