{
  "id": "d5f6c7d8-e9f0-1a2b-3c4d-5e6f7a8b9c0d",
  "name": "Justice Minds API - Development",
  "values": [
    {
      "key": "baseUrl",
      "value": "http://localhost:3000",
      "type": "default",
      "enabled": true
    },
    {
      "key": "token",
      "value": "",
      "type": "secret",
      "enabled": true
    },
    {
      "key": "refreshToken",
      "value": "",
      "type": "secret",
      "enabled": true
    },
    {
      "key": "recordingId",
      "value": "",
      "type": "default",
      "enabled": true
    },
    {
      "key": "transcriptId",
      "value": "",
      "type": "default",
      "enabled": true
    }
  ],
  "_postman_variable_scope": "environment",
  "_postman_exported_at": "2025-03-07T00:00:00.000Z",
  "_postman_exported_using": "Postman/10.0.0"
}
