{
  "family": "justice-minds",
  "networkMode": "awsvpc",
  "executionRoleArn": "arn:aws:iam::123456789012:role/ecsTaskExecutionRole",
  "taskRoleArn": "arn:aws:iam::123456789012:role/ecsTaskRole",
  "containerDefinitions": [
    {
      "name": "backend",
      "image": "${ECR_REGISTRY}/${ECR_REPOSITORY}/backend:latest",
      "essential": true,
      "portMappings": [
        {
          "containerPort": 3000,
          "hostPort": 3000,
          "protocol": "tcp"
        }
      ],
      "environment": [
        {
          "name": "NODE_ENV",
          "value": "production"
        }
      ],
      "secrets": [
        {
          "name": "DATABASE_URL",
          "valueFrom": "arn:aws:secretsmanager:${AWS_REGION}:123456789012:secret:justice-minds/prod:DATABASE_URL"
        },
        {
          "name": "REDIS_URL",
          "valueFrom": "arn:aws:secretsmanager:${AWS_REGION}:123456789012:secret:justice-minds/prod:REDIS_URL"
        },
        {
          "name": "RABBITMQ_URL",
          "valueFrom": "arn:aws:secretsmanager:${AWS_REGION}:123456789012:secret:justice-minds/prod:RABBITMQ_URL"
        },
        {
          "name": "JWT_SECRET",
          "valueFrom": "arn:aws:secretsmanager:${AWS_REGION}:123456789012:secret:justice-minds/prod:JWT_SECRET"
        },
        {
          "name": "MINIO_ENDPOINT",
          "valueFrom": "arn:aws:secretsmanager:${AWS_REGION}:123456789012:secret:justice-minds/prod:MINIO_ENDPOINT"
        },
        {
          "name": "MINIO_PORT",
          "valueFrom": "arn:aws:secretsmanager:${AWS_REGION}:123456789012:secret:justice-minds/prod:MINIO_PORT"
        },
        {
          "name": "MINIO_ACCESS_KEY",
          "valueFrom": "arn:aws:secretsmanager:${AWS_REGION}:123456789012:secret:justice-minds/prod:MINIO_ACCESS_KEY"
        },
        {
          "name": "MINIO_SECRET_KEY",
          "valueFrom": "arn:aws:secretsmanager:${AWS_REGION}:123456789012:secret:justice-minds/prod:MINIO_SECRET_KEY"
        },
        {
          "name": "MINIO_BUCKET",
          "valueFrom": "arn:aws:secretsmanager:${AWS_REGION}:123456789012:secret:justice-minds/prod:MINIO_BUCKET"
        }
      ],
      "logConfiguration": {
        "logDriver": "awslogs",
        "options": {
          "awslogs-group": "/ecs/justice-minds",
          "awslogs-region": "${AWS_REGION}",
          "awslogs-stream-prefix": "backend"
        }
      },
      "healthCheck": {
        "command": ["CMD-SHELL", "curl -f http://localhost:3000/health || exit 1"],
        "interval": 30,
        "timeout": 5,
        "retries": 3,
        "startPeriod": 60
      },
      "memory": 512,
      "cpu": 256
    },
    {
      "name": "frontend",
      "image": "${ECR_REGISTRY}/${ECR_REPOSITORY}/frontend:latest",
      "essential": true,
      "portMappings": [
        {
          "containerPort": 80,
          "hostPort": 80,
          "protocol": "tcp"
        }
      ],
      "environment": [
        {
          "name": "NODE_ENV",
          "value": "production"
        },
        {
          "name": "REACT_APP_API_URL",
          "value": "https://api.justiceminds.com"
        }
      ],
      "logConfiguration": {
        "logDriver": "awslogs",
        "options": {
          "awslogs-group": "/ecs/justice-minds",
          "awslogs-region": "${AWS_REGION}",
          "awslogs-stream-prefix": "frontend"
        }
      },
      "healthCheck": {
        "command": ["CMD-SHELL", "curl -f http://localhost:80 || exit 1"],
        "interval": 30,
        "timeout": 5,
        "retries": 3,
        "startPeriod": 60
      },
      "memory": 256,
      "cpu": 128
    },
    {
      "name": "ai-worker",
      "image": "${ECR_REGISTRY}/${ECR_REPOSITORY}/ai-worker:latest",
      "essential": true,
      "environment": [
        {
          "name": "NODE_ENV",
          "value": "production"
        }
      ],
      "secrets": [
        {
          "name": "DATABASE_URL",
          "valueFrom": "arn:aws:secretsmanager:${AWS_REGION}:123456789012:secret:justice-minds/prod:DATABASE_URL"
        },
        {
          "name": "RABBITMQ_URL",
          "valueFrom": "arn:aws:secretsmanager:${AWS_REGION}:123456789012:secret:justice-minds/prod:RABBITMQ_URL"
        },
        {
          "name": "MINIO_ENDPOINT",
          "valueFrom": "arn:aws:secretsmanager:${AWS_REGION}:123456789012:secret:justice-minds/prod:MINIO_ENDPOINT"
        },
        {
          "name": "MINIO_PORT",
          "valueFrom": "arn:aws:secretsmanager:${AWS_REGION}:123456789012:secret:justice-minds/prod:MINIO_PORT"
        },
        {
          "name": "MINIO_ACCESS_KEY",
          "valueFrom": "arn:aws:secretsmanager:${AWS_REGION}:123456789012:secret:justice-minds/prod:MINIO_ACCESS_KEY"
        },
        {
          "name": "MINIO_SECRET_KEY",
          "valueFrom": "arn:aws:secretsmanager:${AWS_REGION}:123456789012:secret:justice-minds/prod:MINIO_SECRET_KEY"
        },
        {
          "name": "MINIO_BUCKET",
          "valueFrom": "arn:aws:secretsmanager:${AWS_REGION}:123456789012:secret:justice-minds/prod:MINIO_BUCKET"
        },
        {
          "name": "OPENAI_API_KEY",
          "valueFrom": "arn:aws:secretsmanager:${AWS_REGION}:123456789012:secret:justice-minds/prod:OPENAI_API_KEY"
        }
      ],
      "logConfiguration": {
        "logDriver": "awslogs",
        "options": {
          "awslogs-group": "/ecs/justice-minds",
          "awslogs-region": "${AWS_REGION}",
          "awslogs-stream-prefix": "ai-worker"
        }
      },
      "memory": 1024,
      "cpu": 512
    }
  ],
  "requiresCompatibilities": ["FARGATE"],
  "cpu": "1024",
  "memory": "2048",
  "tags": [
    {
      "key": "Project",
      "value": "JusticeMinds"
    },
    {
      "key": "Environment",
      "value": "Production"
    }
  ]
}
